B01;801;T801 00I;801;DECO;U8 - Alfa US1
B01;990;T990 00I;990;DECO;U9 - Omega US2
B01;990;T990 00R;990;DECO;U9 - Omega US2
B02;902;T902 00I;902;DECO;U9 - Omega US2
B02N;902N;T902 E3 00I;902 E3;DECO;U9 - Omega US2
B03;803;T803 00I;803;DECO;U8 - Alfa US1
B04;904;T904 00I;904;DECO;U9 - Omega US2
B05;1125;T1125 00R;1125;DECO;U11 - RBU US4
B05;1125;T1125 00I;1125;DECO;U11 - RBU US4
B06;1126;T1126 00I;1126;DECO;U11 - RBU US4
B06;1126;T1126 00R;1126;DECO;U11 - RBU US4
B07;493;T493 00R;493;DECO;U4 - VOY Santiago SpA
B07;493;T493 00I;493;DECO;U4 - VOY Santiago SpA
B07;807;T807 00I;807;DECO;U8 - Alfa US1
B08;492;T492 00I;492;DECO;U4 - VOY Santiago SpA
B08;808;T808 00R;808;DECO;U8 - Alfa US1
B08;492;T492 00R;492;DECO;U4 - VOY Santiago SpA
B08;808;T808 00I;808;DECO;U8 - Alfa US1
B09;809;T809 00I;809;DECO;U8 - Alfa US1
B10;810;T810 00I;810;DECO;U8 - Alfa US1
B11;1121;T1121 00I;1121;DECO;U11 - RBU US4
B11;1121;T1121 00R;1121;DECO;U11 - RBU US4
B12;1122;T1122 00I;1122;DECO;U11 - RBU US4
B12;1122;T1122 00R;1122;DECO;U11 - RBU US4
B12c;1122c;T1122 C0 00R;1122c;DECO;U11 - RBU US4
B12c;1122c;T1122 C0 00I;1122c;DECO;U11 - RBU US4
B13;494;T494 00I;494;DECO;U4 - VOY Santiago SpA
B13;494;T494 00R;494;DECO;U4 - VOY Santiago SpA
B13;813;T813 00I;813;DECO;U8 - Alfa US1
B14;1024;T1024 00I;1024;DECO;U10 - STU US3
B15;1135;T1135 00I;1135;DECO;U11 - RBU US4
B16;816;T816 00I;816;DECO;U8 - Alfa US1
B16;816;T816 00R;816;DECO;U8 - Alfa US1
B17;817;T817 00I;817;DECO;U8 - Alfa US1
B18;818;T818 00I;818;DECO;U8 - Alfa US1
B18;495;T495 00I;495;DECO;U4 - VOY Santiago SpA
B18;495;T495 00R;495;DECO;U4 - VOY Santiago SpA
B18;818;T818 00R;818;DECO;U8 - Alfa US1
B18e;818e;T818 E0 00R;818 E0;DECO;U8 - Alfa US1
B18e;818e;T818 E0 00I;818 E0;DECO;U8 - Alfa US1
B18e;496;T496 00I;496;DECO;U4 - VOY Santiago SpA
B18e;496;T496 00R;496;DECO;U4 - VOY Santiago SpA
B19;919;T919 00R;919;DECO;U9 - Omega US2
B20;820;T820 00I;820;DECO;U8 - Alfa US1
B21;1141;T1141 00I;1141;DECO;U11 - RBU US4
B21;1141;T1141 00R;1141;DECO;U11 - RBU US4
B22;1142;T1142 00I;1142;DECO;U11 - RBU US4
B22;1142;T1142 00R;1142;DECO;U11 - RBU US4
B24;824;T824 00I;824;DECO;U8 - Alfa US1
B24;991;T991 00I;991;DECO;U9 - Omega US2
B25;825;T825 00I;825;DECO;U8 - Alfa US1
B26;826;T826 00R;826;DECO;U8 - Alfa US1
B26;497;T497 00R;497;DECO;U4 - VOY Santiago SpA
B26;826;T826 00I;826;DECO;U8 - Alfa US1
B26;497;T497 00I;497;DECO;U4 - VOY Santiago SpA
B27;1147;T1147 00I;1147;DECO;U11 - RBU US4
B27;1147;T1147 00R;1147;DECO;U11 - RBU US4
B28;992;T992 00I;992;DECO;U9 - Omega US2
B28;828;T828 00I;828;DECO;U8 - Alfa US1
B29;829;T829 00I;829;DECO;U8 - Alfa US1
B30N;830N;T830 E3 00R;830 E3;DECO;U8 - Alfa US1
B30N;830N;T830 E3 00I;830 E3;DECO;U8 - Alfa US1
B31N;1131N;T1131 E3 00R;1131 E3;DECO;U11 - RBU US4
B31N;1131N;T1131 E3 00I;1131 E3;DECO;U11 - RBU US4
B32;832;T832 00I;832;DECO;U8 - Alfa US1
B32;498;T498 00I;498;DECO;U4 - VOY Santiago SpA
B33;933;T933 00I;933;DECO;U9 - Omega US2
B36;836;T836 00I;836;DECO;U8 - Alfa US1
B43;1343;T1343 00I;1343;DECO;U13 - RBU US6
B43;1343;T1343 00R;1343;DECO;U13 - RBU US6
B45;370;T370 00R;370;DECO;U3 - Vule
B45;370;T370 00I;370;DECO;U3 - Vule
C01;1021;T1021 00R;1021;DECO;U10 - STU US3
C01;1021;T1021 00I;1021;DECO;U10 - STU US3
C01c;1221c;T1221 C0 00I;1221 C0;DECO;U12 - STU US5
C01c;1221c;T1221 C0 00R;1221 C0;DECO;U12 - STU US5
C02;1022;T1022 00I;1022;DECO;U10 - STU US3
C02c;1102c;T1102 C0 00I;1102 C0;DECO;U11 - RBU US4
C02c;1102c;T1102 C0 00R;1102 C0;DECO;U11 - RBU US4
C03;1103;T1103 00R;1103;DECO;U11 - RBU US4
C03c;1103c;T1103 C0 00I;1103c;DECO;U11 - RBU US4
C03c;1103c;T1103 C0 00R;1103c;DECO;U11 - RBU US4
C05;1105;T1105 00R;1105;DECO;U11 - RBU US4
C05;1105;T1105 00I;1105;DECO;U11 - RBU US4
C06;1106;T1106 00R;1106;DECO;U11 - RBU US4
C06;1106;T1106 00I;1106;DECO;U11 - RBU US4
C06c;1106c;T1106 C0 00I;1106c;DECO;U11 - RBU US4
C07;1107;T1107 00I;1107;DECO;U11 - RBU US4
C07;1107;T1107 00R;1107;DECO;U11 - RBU US4
C09;1109;T1109 00I;1109;DECO;U11 - RBU US4
C09c;1109c;T1109 C0 00I;1109 C0;DECO;U11 - RBU US4
C10e;1110e;T1110 E0 00I;1110e;DECO;U11 - RBU US4
C10e;1110e;T1110 E0 00R;1110e;DECO;U11 - RBU US4
C11;1111;T1111 00I;1111;DECO;U11 - RBU US4
C13;1113;T1113 00I;1113;DECO;U11 - RBU US4
C14;1114;T1114 00R;1114;DECO;U11 - RBU US4
C14;1114;T1114 00I;1114;DECO;U11 - RBU US4
C15;1115;T1115 00I;1115;DECO;U11 - RBU US4
C16;1116;T1116 00R;1116;DECO;U11 - RBU US4
C16;1116;T1116 00I;1116;DECO;U11 - RBU US4
C17;1117;T1117 00I;1117;DECO;U11 - RBU US4
C17;1117;T1117 00R;1117;DECO;U11 - RBU US4
C18;918;T918 00I;918;DECO;U9 - Omega US2
C18;918;T918 00R;918;DECO;U9 - Omega US2
C19;1119;T1119 00R;1119;DECO;U11 - RBU US4
C19;1119;T1119 00I;1119;DECO;U11 - RBU US4
C20;1120;T1120 00I;1120;DECO;U11 - RBU US4
C22;1132;T1132 00R;1132;DECO;U11 - RBU US4
C22;1132;T1132 00I;1132;DECO;U11 - RBU US4
C27;1127;T1127 00I;1127;DECO;U11 - RBU US4
C28;1128;T1128 00I;1128;DECO;U11 - RBU US4
C28;1128;T1128 00R;1128;DECO;U11 - RBU US4
C37;1137;T1137 00R;1137;DECO;U11 - RBU US4
D01;1201;T1201 00I;1201;DECO;U12 - STU US5
D02;1202;T1202 00R;1202;DECO;U12 - STU US5
D02;1202;T1202 00I;1202;DECO;U12 - STU US5
D03;1203;T1203 00I;1203;DECO;U12 - STU US5
D03;1203;T1203 00R;1203;DECO;U12 - STU US5
D03c;1203c;T1203 C0 00I;1203 C0;DECO;U12 - STU US5
D05;1205;T1205 00I;1205;DECO;U12 - STU US5
D05;1205;T1205 00R;1205;DECO;U12 - STU US5
D07;1207;T1207 00R;1207;DECO;U12 - STU US5
D07;1207;T1207 00I;1207;DECO;U12 - STU US5
D07c;1207c;T1207 C0 00I;1207c;DECO;U12 - STU US5
D08;1208;T1208 00I;1208;DECO;U12 - STU US5
D09;1209;T1209 00I;1209;DECO;U12 - STU US5
D10;1210;T1210 00R;1210;DECO;U12 - STU US5
D10;1210;T1210 00I;1210;DECO;U12 - STU US5
D11;1211;T1211 00R;1211;DECO;U12 - STU US5
D11;1211;T1211 00I;1211;DECO;U12 - STU US5
D13;326;T326 00I;326;DECO;U3 - Vule
D13;326;T326 00R;326;DECO;U3 - Vule
D14;1214;T1214 00R;1214;DECO;U12 - STU US5
D14;1214;T1214 00I;1214;DECO;U12 - STU US5
D15;1215;T1215 00I;1215;DECO;U12 - STU US5
D16;1216;T1216 00I;1216;DECO;U12 - STU US5
D16;1216;T1216 00R;1216;DECO;U12 - STU US5
D17;1217;T1217 00I;1217;DECO;U12 - STU US5
D17v;1217v;T1217 C0 00I;1217 C0;DECO;U12 - STU US5
D18;1218;T1218 00R;1218;DECO;U12 - STU US5
D18;1218;T1218 00I;1218;DECO;U12 - STU US5
D20;1220;T1220 00I;1220;DECO;U12 - STU US5
D26;1226;T1226 00I;1226;DECO;U12 - STU US5
E01;351;T351 00R;351;DECO;U3 - Vule
E01;351;T351 00I;351;DECO;U3 - Vule
E02;352;T352 00R;352;DECO;U3 - Vule
E02;352;T352 00I;352;DECO;U3 - Vule
E03;353;T353 00R;353;DECO;U3 - Vule
E03;353;T353 00I;353;DECO;U3 - Vule
E04;354;T354 00I;354;DECO;U3 - Vule
E04;354;T354 00R;354;DECO;U3 - Vule
E05;355;T355 00R;355;DECO;U3 - Vule
E05;355;T355 00I;355;DECO;U3 - Vule
E06;356;T356 00R;356;DECO;U3 - Vule
E06;356;T356 00I;356;DECO;U3 - Vule
E07;357;T357 00R;357;DECO;U3 - Vule
E07;357;T357 00I;357;DECO;U3 - Vule
E08;358;T358 00I;358;DECO;U3 - Vule
E08;358;T358 00R;358;DECO;U3 - Vule
E09;359;T359 00R;359;DECO;U3 - Vule
E09;359;T359 00I;359;DECO;U3 - Vule
E10;360;T360 00R;360;DECO;U3 - Vule
E10;360;T360 00I;360;DECO;U3 - Vule
E11;361;T361 00R;361;DECO;U3 - Vule
E11;361;T361 00I;361;DECO;U3 - Vule
E12;362;T362 00I;362;DECO;U3 - Vule
E13;363;T363 00I;363;DECO;U3 - Vule
E13;363;T363 00R;363;DECO;U3 - Vule
E14;364;T364 00I;364;DECO;U3 - Vule
E14;364;T364 00R;364;DECO;U3 - Vule
E15c;365c;T365 C0 00R;365c;DECO;U3 - Vule
E15c;365c;T365 C0 00I;365c;DECO;U3 - Vule
E16;366;T366 00I;366;DECO;U3 - Vule
E16;366;T366 00R;366;DECO;U3 - Vule
E17;367;T367 00R;367;DECO;U3 - Vule
E17;367;T367 00I;367;DECO;U3 - Vule
E18;349;T349 00R;349;DECO;U3 - Vule
E18;349;T349 00I;349;DECO;U3 - Vule
F01;1031;T1031 00I;1031;DECO;U10 - STU US3
F01;1031;T1031 00R;1031;DECO;U10 - STU US3
F01c;1031c;T1031 C0 00R;1031 C0;DECO;U10 - STU US3
F02;490;T490 00I;490;DECO;U4 - VOY Santiago SpA
F02;490;T490 00R;490;DECO;U4 - VOY Santiago SpA
F02;922;T922 00I;922;DECO;U9 - Omega US2
F03;1033;T1033 00R;1033;DECO;U10 - STU US3
F03;1033;T1033 00I;1033;DECO;U10 - STU US3
F03c;923c;T923 C0 00I;923c;DECO;U9 - Omega US2
F05;925;T925 00I;925;DECO;U9 - Omega US2
F05;925;T925 00R;925;DECO;U9 - Omega US2
F06;926;T926 00R;926;DECO;U9 - Omega US2
F06;926;T926 00I;926;DECO;U9 - Omega US2
F07;1037;T1037 00R;1037;DECO;U10 - STU US3
F08;1038;T1038 00I;1038;DECO;U10 - STU US3
F09;491;T491 00I;491;DECO;U4 - VOY Santiago SpA
F09;929;T929 00I;929;DECO;U9 - Omega US2
F09;929;T929 00R;929;DECO;U9 - Omega US2
F10;1040;T1040 00I;1040;DECO;U10 - STU US3
F10;1040;T1040 00R;1040;DECO;U10 - STU US3
F10c;930c;T930 C0 00I;930 C0;DECO;U9 - Omega US2
F11;1041;T1041 00I;1041;DECO;U10 - STU US3
F12;932;T932 00R;932;DECO;U9 - Omega US2
F12;932;T932 00I;932;DECO;U9 - Omega US2
F12c;932c;T932 C0 00R;932 C0;DECO;U9 - Omega US2
F12c;932c;T932 C0 00I;932 C0;DECO;U9 - Omega US2
F13;1043;T1043 00R;1043;DECO;U10 - STU US3
F13;1043;T1043 00I;1043;DECO;U10 - STU US3
F13c;1043c;T1043 C0 00I;1043 C0;DECO;U10 - STU US3
F14;1044;T1044 00R;1044;DECO;U10 - STU US3
F14;1044;T1044 00I;1044;DECO;U10 - STU US3
F15;935;T935 00R;935;DECO;U9 - Omega US2
F15;935;T935 00I;935;DECO;U9 - Omega US2
F16;1046;T1046 00I;1046;DECO;U10 - STU US3
F16;1046;T1046 00R;1046;DECO;U10 - STU US3
F18;938;T938 00R;938;DECO;U9 - Omega US2
F18;938;T938 00I;938;DECO;U9 - Omega US2
F20;940;T940 00R;940;DECO;U9 - Omega US2
F20;940;T940 00I;940;DECO;U9 - Omega US2
F24;1054;T1054 00I;1054;DECO;U10 - STU US3
F24;1054;T1054 00R;1054;DECO;U10 - STU US3
F25;945;T945 00I;945;DECO;U9 - Omega US2
F25;945;T945 00R;945;DECO;U9 - Omega US2
F25e;945e;T945 E0 00I;945 E0;DECO;U9 - Omega US2
F25e;945e;T945 E0 00R;945 E0;DECO;U9 - Omega US2
F26;1056;T1056 00I;1056;DECO;U10 - STU US3
F27;1057;T1057 00I;1057;DECO;U10 - STU US3
F29;1059;T1059 00R;1059;DECO;U10 - STU US3
F29;1059;T1059 00I;1059;DECO;U10 - STU US3
F30N;950N;T950 E3 00R;950 E3;DECO;U9 - Omega US2
F30N;950N;T950 E3 00I;950 E3;DECO;U9 - Omega US2
F33;953;T953 00I;953;DECO;U9 - Omega US2
F33;953;T953 00R;953;DECO;U9 - Omega US2
F90;F90;F90 00R;F90;NO DECO;U7 - STP
F90;F90;F90 00I;F90;NO DECO;U7 - STP
F91;F91;F91 00R;F91;NO DECO;U7 - STP
F91;F91;F91 00I;F91;NO DECO;U7 - STP
F92;F92;F92 00R;F92;NO DECO;U7 - STP
F92;F92;F92 00I;F92;NO DECO;U7 - STP
G01;474;T474 00R;474;DECO;U4 - VOY Santiago SpA
G01;474;T474 00I;474;DECO;U4 - VOY Santiago SpA
G01c;474c;T474 C0 00R;474c;DECO;U4 - VOY Santiago SpA
G01c;474c;T474 C0 00I;474c;DECO;U4 - VOY Santiago SpA
G02;232;T232 00I;232;DECO;U2 - Su Bus
G02;232;T232 00R;232;DECO;U2 - Su Bus
G04;464;T464 00R;464;DECO;U4 - VOY Santiago SpA
G04;464;T464 00I;464;DECO;U4 - VOY Santiago SpA
G05;465;T465 00I;465;DECO;U4 - VOY Santiago SpA
G05;465;T465 00R;465;DECO;U4 - VOY Santiago SpA
G07;487;T487 00R;487;DECO;U4 - VOY Santiago SpA
G07;487;T487 00I;487;DECO;U4 - VOY Santiago SpA
G08;488;T488 00R;488;DECO;U4 - VOY Santiago SpA
G08;488;T488 00I;488;DECO;U4 - VOY Santiago SpA
G08v;238e;T238 E0 00I;238e;DECO;U2 - Su Bus
G08v;238e;T238 E0 00R;238e;DECO;U2 - Su Bus
G09;469;T469 00R;469;DECO;U4 - VOY Santiago SpA
G09;469;T469 00I;469;DECO;U4 - VOY Santiago SpA
G11;471;T471 00I;471;DECO;U4 - VOY Santiago SpA
G11;471;T471 00R;471;DECO;U4 - VOY Santiago SpA
G12;472;T472 00R;472;DECO;U4 - VOY Santiago SpA
G12;472;T472 00I;472;DECO;U4 - VOY Santiago SpA
G13;473;T473 00R;473;DECO;U4 - VOY Santiago SpA
G13;473;T473 00I;473;DECO;U4 - VOY Santiago SpA
G13c;473c;T473 C0 00I;473 C0;DECO;U4 - VOY Santiago SpA
G14;244;T244 00I;244;DECO;U2 - Su Bus
G14;244;T244 00R;244;DECO;U2 - Su Bus
G15;475;T475 00R;475;DECO;U4 - VOY Santiago SpA
G15;475;T475 00I;475;DECO;U4 - VOY Santiago SpA
G16;476;T476 00R;476;DECO;U4 - VOY Santiago SpA
G16;476;T476 00I;476;DECO;U4 - VOY Santiago SpA
G18;478;T478 00I;478;DECO;U4 - VOY Santiago SpA
G18;478;T478 00R;478;DECO;U4 - VOY Santiago SpA
G22;440;T440 00R;440;DECO;U4 - VOY Santiago SpA
G22;440;T440 00I;440;DECO;U4 - VOY Santiago SpA
G23;253;T253 00R;253;DECO;U2 - Su Bus
G23;253;T253 00I;253;DECO;U2 - Su Bus
G24;284;T284 00I;284;DECO;U2 - Su Bus
G24;284;T284 00R;284;DECO;U2 - Su Bus
G27;479;T479 00I;479;DECO;U4 - VOY Santiago SpA
G28;305;T305 00I;305;DECO;U3 - Vule
G31;306;T306 00R;306;DECO;U3 - Vule
G31;306;T306 00I;306;DECO;U3 - Vule
G32;482;T482 00I;482;DECO;U4 - VOY Santiago SpA
G35;470;T470 00I;470;DECO;U4 - VOY Santiago SpA
G37;437;T437 00I;437;DECO;U4 - VOY Santiago SpA
G37;437;T437 00R;437;DECO;U4 - VOY Santiago SpA
G38;438;T438 00I;438;DECO;U4 - VOY Santiago SpA
G39;459;T459 00I;459;DECO;U4 - VOY Santiago SpA
G43;283;T283 00R;283;DECO;U2 - Su Bus
G43;283;T283 00I;283;DECO;U2 - Su Bus
H02;332;T332 00I;332;DECO;U3 - Vule
H02;332;T332 00R;332;DECO;U3 - Vule
H03;333;T333 00R;333;DECO;U3 - Vule
H03;333;T333 00I;333;DECO;U3 - Vule
H04;334;T334 00R;334;DECO;U3 - Vule
H04;334;T334 00I;334;DECO;U3 - Vule
H05;335;T335 00I;335;DECO;U3 - Vule
H05;335;T335 00R;335;DECO;U3 - Vule
H06;336;T336 00I;336;DECO;U3 - Vule
H06;336;T336 00R;336;DECO;U3 - Vule
H07;337;T337 00I;337;DECO;U3 - Vule
H07;337;T337 00R;337;DECO;U3 - Vule
H08;338;T338 00I;338;DECO;U3 - Vule
H08;338;T338 00R;338;DECO;U3 - Vule
H09;339;T339 00R;339;DECO;U3 - Vule
H09;339;T339 00I;339;DECO;U3 - Vule
H12;342;T342 00R;342;DECO;U3 - Vule
H12;342;T342 00I;342;DECO;U3 - Vule
H13;343;T343 00R;343;DECO;U3 - Vule
H13;343;T343 00I;343;DECO;U3 - Vule
H14;344;T344 00I;344;DECO;U3 - Vule
H14;344;T344 00R;344;DECO;U3 - Vule
I01;371;T397 00R;397;DECO;U3 - Vule
I01;371;T371 00I;371;DECO;U3 - Vule
I01;371;T371 00R;371;DECO;U3 - Vule
I02;372;T372 00R;372;DECO;U3 - Vule
I02;372;T372 00I;372;DECO;U3 - Vule
I03;373;T373 00R;373;DECO;U3 - Vule
I03;373;T373 00I;373;DECO;U3 - Vule
I03c;373c;T373 C0 00R;373c;DECO;U3 - Vule
I03c;373c;T373 C0 00I;373c;DECO;U3 - Vule
I04;374;T374 00R;374;DECO;U3 - Vule
I04;374;T374 00I;374;DECO;U3 - Vule
I04c;374c;T374 C0 00I;374c;DECO;U3 - Vule
I04c;374c;T374 C0 00R;374c;DECO;U3 - Vule
I04e;374e;T374 E0 00I;374e;DECO;U3 - Vule
I05;375;T375 00R;375;DECO;U3 - Vule
I05;375;T375 00I;375;DECO;U3 - Vule
I07;377;T377 00I;377;DECO;U3 - Vule
I07;377;T377 08R;377;DECO;U3 - Vule
I07;377;T377 00R;377;DECO;U3 - Vule
I08;378;T378 00R;378;DECO;U3 - Vule
I08;378;T378 00I;378;DECO;U3 - Vule
I08c;378c;T378 C0 00I;378c;DECO;U3 - Vule
I08N;378N;T378 C2 00R;378c2;DECO;U3 - Vule
I08N;378N;T378 C2 00I;378c2;DECO;U3 - Vule
I09;379;T379 00R;379;DECO;U3 - Vule
I09;379;T379 00I;379;DECO;U3 - Vule
I09c;379c;T379 C0 00R;379c;DECO;U3 - Vule
I09c;379c;T379 C0 00I;379c;DECO;U3 - Vule
I09e;379e;T379 E0 00R;379e;DECO;U3 - Vule
I09e;379e;T379 E0 00I;379e;DECO;U3 - Vule
I10;380;T380 00R;380;DECO;U3 - Vule
I10;380;T380 00I;380;DECO;U3 - Vule
I10N;380N;T380 C2 00I;380c2;DECO;U3 - Vule
I10N;380N;T380 C2 00R;380c2;DECO;U3 - Vule
I11;381;T381 00I;381;DECO;U3 - Vule
I11;381;T381 00R;381;DECO;U3 - Vule
I11N;381N;T381 C3 00I;381c3;DECO;U3 - Vule
I11N;381N;T381 C3 00R;381c3;DECO;U3 - Vule
I12;382;T382 00R;382;DECO;U3 - Vule
I12;382;T382 00I;382;DECO;U3 - Vule
I13;383;T383 00R;383;DECO;U3 - Vule
I13;383;T383 00I;383;DECO;U3 - Vule
I14;384;T384 00I;384;DECO;U3 - Vule
I14;384;T384 00R;384;DECO;U3 - Vule
I14N;384N;T384 C3 00I;384 C3;DECO;U3 - Vule
I14N;384C3;T384 C3 00R;384 C3;DECO;U3 - Vule
I16;386;T386 00I;386;DECO;U3 - Vule
I16;386;T386 00R;386;DECO;U3 - Vule
I17;387;T387 00I;387;DECO;U3 - Vule
I17;387;T387 00R;387;DECO;U3 - Vule
I18;388;T388 00I;388;DECO;U3 - Vule
I18;388;T399 00R;399;DECO;U3 - Vule
I18;388;T388 00R;388;DECO;U3 - Vule
I20;389;T389 00I;389;DECO;U3 - Vule
I20;389;T389 00R;389;DECO;U3 - Vule
I21;368;T368 00I;368;DECO;U3 - Vule
I21;368;T368 00R;368;DECO;U3 - Vule
I22;369;T369 00R;369;DECO;U3 - Vule
I22;369;T369 00I;369;DECO;U3 - Vule
I24;310;T310 00R;310;DECO;U3 - Vule
I24;310;T310 00I;310;DECO;U3 - Vule
I25;317;T317 00I;317;DECO;U3 - Vule
I35;485;T485 00I;485;DECO;U4 - VOY Santiago SpA
I35;485;T485 00R;485;DECO;U4 - VOY Santiago SpA
J01;521;T521 00I;521;DECO;U5 - Metropolitana
J01;521;T521 00R;521;DECO;U5 - Metropolitana
J01c;521c;T521 C0 00R;521c;DECO;U5 - Metropolitana
J01c;521c;T521 C0 00I;521c;DECO;U5 - Metropolitana
J02;522;T522 00I;522;DECO;U5 - Metropolitana
J03;523;T523 00I;523;DECO;U5 - Metropolitana
J04;524;T524 00I;524;DECO;U5 - Metropolitana
J04;524;T524 00R;524;DECO;U5 - Metropolitana
J05;525;T525 03I;525;DECO;U5 - Metropolitana
J05;525;T525 00I;525;DECO;U5 - Metropolitana
J05;525;T525 07I;525;DECO;U5 - Metropolitana
J06;526;T526 00R;526;DECO;U5 - Metropolitana
J06;526;T526 00I;526;DECO;U5 - Metropolitana
J07;527;T527 00I;527;DECO;U5 - Metropolitana
J07c;527c;T527 C0 00I;527c;DECO;U5 - Metropolitana
J07e;527e;T527 E0 00I;527e;DECO;U5 - Metropolitana
J08;528;T528 00R;528;DECO;U5 - Metropolitana
J08;528;T528 00I;528;DECO;U5 - Metropolitana
J10;530;T530 00I;530;DECO;U5 - Metropolitana
J10;530;T530 00R;530;DECO;U5 - Metropolitana
J11;531;T531 00R;531;DECO;U5 - Metropolitana
J11;531;T531 00I;531;DECO;U5 - Metropolitana
J12;532;T532 00I;532;DECO;U5 - Metropolitana
J12;532;T532 00R;532;DECO;U5 - Metropolitana
J13;533;T533 00R;533;DECO;U5 - Metropolitana
J13;533;T533 00I;533;DECO;U5 - Metropolitana
J13c;533c;T533 C0 00R;533c;DECO;U5 - Metropolitana
J13c;533c;T533 C0 00I;533c;DECO;U5 - Metropolitana
J15c;535c;T535 C0 00I;535c;DECO;U5 - Metropolitana
J15c;535c;T535 C0 00R;535c;DECO;U5 - Metropolitana
J16;536;T536 06I;536;DECO;U5 - Metropolitana
J16;536;T536 00I;536;DECO;U5 - Metropolitana
J16;536;T536 07I;536;DECO;U5 - Metropolitana
J17;537;T537 00R;537;DECO;U5 - Metropolitana
J17;537;T537 00I;537;DECO;U5 - Metropolitana
J18;538;T538 00R;538;DECO;U5 - Metropolitana
J18;538;T538 00I;538;DECO;U5 - Metropolitana
J18c;538c;T538 C0 00R;538c;DECO;U5 - Metropolitana
J18c;538c;T538 C0 00I;538c;DECO;U5 - Metropolitana
J19;539;T539 00I;539;DECO;U5 - Metropolitana
J19;539;T539 07I;539;DECO;U5 - Metropolitana
J19;539;T539 00R;539;DECO;U5 - Metropolitana
J20;540;T540 00I;540;DECO;U5 - Metropolitana
MTN;MTN;T1701 00R;1701;DECO;U17 - Tren Central
MTN;MTN;T1701 00I;1701;DECO;U17 - Tren Central
101;F41;F41 00R;F41;DECO;U7 - STP
101;F41;F41 00I;F41;DECO;U7 - STP
102;962;T962 00R;962;DECO;U9 - Omega US2
102;962;T962 00I;962;DECO;U9 - Omega US2
103;1223;T1223 00R;1223;DECO;U12 - STU US5
103;1223;T1223 00I;1223;DECO;U12 - STU US5
103y2;463y2;T491 00R;491;DECO;U4 - VOY Santiago SpA
104;1004;T1004 00I;1004;DECO;U10 - STU US3
104;1004;T1004 00R;1004;DECO;U10 - STU US3
105;805;T805 00R;805;DECO;U8 - Alfa US1
105;805;T805 00I;805;DECO;U8 - Alfa US1
105c;805c;T805 C0 00R;805c;DECO;U8 - Alfa US1
106;F46;F46 00I;F46;DECO;U7 - STP
106;F46;F46 00R;F46;DECO;U7 - STP
107;1227;T1227 00R;1227;DECO;U12 - STU US5
107;1227;T1227 00I;1227;DECO;U12 - STU US5
107c;1227c;T1227 C0 00R;1227 C0;DECO;U12 - STU US5
107c;1227c;T1227 C0 00I;1227 C0;DECO;U12 - STU US5
108;F48;F48 00I;F48;DECO;U7 - STP
108;F48;F48 00R;F48;DECO;U7 - STP
109;549;T549 00I;549;DECO;U5 - Metropolitana
109;549;T549 00R;549;DECO;U5 - Metropolitana
109N;549c;T549 C0 00R;549c;DECO;U5 - Metropolitana
109N;549c;T549 C0 00I;549c;DECO;U5 - Metropolitana
110;550;T550 00R;550;DECO;U5 - Metropolitana
110;550;T550 00I;550;DECO;U5 - Metropolitana
110c;550c;T550 C0 00I;550c;DECO;U5 - Metropolitana
110c;550c;T550 C0 00R;550c;DECO;U5 - Metropolitana
111;318;T318 00I;318;DECO;U3 - Vule
111;318;T318 00R;318;DECO;U3 - Vule
113;328;T328 00R;328;DECO;U3 - Vule
113;328;T328 00I;328;DECO;U3 - Vule
113c;328c;T328 C0 00R;328 C0;DECO;U3 - Vule
113c;328c;T328 C0 00I;328 C0;DECO;U3 - Vule
113e;328e;T328 E0 00I;328e;DECO;U3 - Vule
113e;328e;T328 E0 00R;328e;DECO;U3 - Vule
114;1014;T1014 00I;1014;DECO;U10 - STU US3
114;1014;T1014 00R;1014;DECO;U10 - STU US3
115;545;T545 00R;545;DECO;U5 - Metropolitana
115;545;T545 00I;545;DECO;U5 - Metropolitana
115c;545c;T545 C0 00I;545c;DECO;U5 - Metropolitana
116;1016;T1016 00I;1016;DECO;U10 - STU US3
117;1237;T1237 00I;1237;DECO;U12 - STU US5
117;1237;T1237 00R;1237;DECO;U12 - STU US5
117c;1237c;T1237 C0 00I;1237 C0;DECO;U12 - STU US5
118;558;T558 00I;558;DECO;U5 - Metropolitana
118;558;T558 00R;558;DECO;U5 - Metropolitana
119;319;T319 00R;319;DECO;U3 - Vule
119;319;T319 00I;319;DECO;U3 - Vule
120;812;T812 00R;812;DECO;U8 - Alfa US1
120;812;T812 00I;812;DECO;U8 - Alfa US1
121;320;T320 00R;320;DECO;U3 - Vule
121;320;T320 00I;320;DECO;U3 - Vule
124;964;T964 00R;964;DECO;U9 - Omega US2
124;964;T964 00I;964;DECO;U9 - Omega US2
125;324;T324 00I;324;DECO;U3 - Vule
125;324;T324 00R;324;DECO;U3 - Vule
126;327;T327 00I;327;DECO;U3 - Vule
126;327;T327 00R;327;DECO;U3 - Vule
201;201;T201 00I;201;NO DECO;U2 - Su Bus
201;201;T201 00R;201;NO DECO;U2 - Su Bus
201e;201e;T201 E0 00R;201e;NO DECO;U2 - Su Bus
201e;201e;T201 E0 00I;201e;NO DECO;U2 - Su Bus
203;203;T203 00I;203;NO DECO;U2 - Su Bus
203;203;T203 00R;203;NO DECO;U2 - Su Bus
203c;203c;T203 C1 00R;203c1;DECO;U2 - Su Bus
203e;203e;T203 E0 00I;203e;NO DECO;U2 - Su Bus
203e;203e;T203 E0 00R;203e;NO DECO;U2 - Su Bus
203N;203N;T203 C3 00I;203c3;DECO;U2 - Su Bus
203N;203N;T203 C3 00R;203c3;DECO;U2 - Su Bus
203x;290;T290 00R;290;DECO;U2 - Su Bus
204;204;T204 00I;204;NO DECO;U2 - Su Bus
204;204;T204 00R;204;NO DECO;U2 - Su Bus
204e;204e;T204 E0 00R;204e;NO DECO;U2 - Su Bus
204e;204e;T204 E0 00I;204e;NO DECO;U2 - Su Bus
204N;204N;T204 C3 00R;204 C3;DECO;U2 - Su Bus
204N;204N;T204 C3 00I;204 C3;DECO;U2 - Su Bus
205;205;T205 00I;205;NO DECO;U2 - Su Bus
205;205;T205 03R;205;NO DECO;U2 - Su Bus
205;205;T205 00R;205;NO DECO;U2 - Su Bus
205;205;T205 03I;205;NO DECO;U2 - Su Bus
205c;205c;T205 C4 00R;205c4;DECO;U2 - Su Bus
206;206;T298 00I;298;DECO;U2 - Su Bus
206;206;T206 00I;206;NO DECO;U2 - Su Bus
206;206;T206 00R;206;NO DECO;U2 - Su Bus
206c;206c;T206 C0 00I;206c;NO DECO;U2 - Su Bus
206c;206c;T206 C0 00R;206c;NO DECO;U2 - Su Bus
207;207;T207 00I;207;NO DECO;U2 - Su Bus
207;207;T207 00R;207;NO DECO;U2 - Su Bus
207c;207c;T207 C1 00R;207c1;DECO;U2 - Su Bus
207e;207e;T207 E0 00R;207e;NO DECO;U2 - Su Bus
207e;207e;T207 E0 00I;207e;NO DECO;U2 - Su Bus
208;208;T208 00I;208;NO DECO;U2 - Su Bus
208;208;T208 03I;208;NO DECO;U2 - Su Bus
208;208;T208 03R;208;NO DECO;U2 - Su Bus
208;208;T208 00R;208;NO DECO;U2 - Su Bus
208c;208c;T208 C0 00I;208c;NO DECO;U2 - Su Bus
209;209;T209 00I;209;NO DECO;U2 - Su Bus
209;209;T295 00I;295;DECO;U2 - Su Bus
209;209;T209 00R;209;NO DECO;U2 - Su Bus
209;209;T295 00R;295;DECO;U2 - Su Bus
209c;209c;T209 C1 00R;209c1;DECO;U2 - Su Bus
210;210;T210 00I;210;NO DECO;U2 - Su Bus
210;210;T210 00R;210;NO DECO;U2 - Su Bus
210e;210e;T210 E0 00I;210e;NO DECO;U2 - Su Bus
210e;210e;T210 E0 00R;210e;NO DECO;U2 - Su Bus
210v;210v;T210 C2 00R;210c2;DECO;U2 - Su Bus
210v;210v;T210 C2 00I;210c2;DECO;U2 - Su Bus
210x;210x;T294 00I;294;DECO;U2 - Su Bus
211;211;T211 00R;211;NO DECO;U2 - Su Bus
211;211;T211 00I;211;NO DECO;U2 - Su Bus
211c;411c;T411 C0 00I;411c;DECO;U4 - VOY Santiago SpA
211c;411c;T411 C0 00R;411c;DECO;U4 - VOY Santiago SpA
211x;291;T291 00I;291;DECO;U2 - Su Bus
212;212;T212 00R;212;NO DECO;U2 - Su Bus
212;212;T212 00I;212;NO DECO;U2 - Su Bus
213e;963e;T963 E0 00R;963 E0;DECO;U9 - Omega US2
213e;963e;T963 E0 00I;963 E0;DECO;U9 - Omega US2
214;214;T214 00I;214;NO DECO;U2 - Su Bus
214;214;T214 00R;214;NO DECO;U2 - Su Bus
216;216;T216 00R;216;NO DECO;U2 - Su Bus
216;216;T216 00I;216;NO DECO;U2 - Su Bus
217e;217e;T217 E0 00R;217e;NO DECO;U2 - Su Bus
217e;217e;T217 E0 00I;217e;NO DECO;U2 - Su Bus
219e;219e;T219 E0 00R;219e;NO DECO;U2 - Su Bus
219e;219e;T219 E0 00I;219e;NO DECO;U2 - Su Bus
223;483;T483 00I;483;DECO;U4 - VOY Santiago SpA
223;483;T483 00R;483;DECO;U4 - VOY Santiago SpA
224;224;T224 00R;224;NO DECO;U2 - Su Bus
224;224;T224 00I;224;NO DECO;U2 - Su Bus
224c;224c;T224 C0 00R;224c;NO DECO;U2 - Su Bus
224c;224c;T224 C0 00I;224c;NO DECO;U2 - Su Bus
225;225;T225 00R;225;NO DECO;U2 - Su Bus
225;225;T225 00I;225;NO DECO;U2 - Su Bus
226;226;T226 00R;226;NO DECO;U2 - Su Bus
226;226;T226 00I;226;NO DECO;U2 - Su Bus
227;227;T227 00I;227;NO DECO;U2 - Su Bus
227;227;T227 00R;227;NO DECO;U2 - Su Bus
228;480;T480 00I;480;DECO;U4 - VOY Santiago SpA
228;480;T480 00R;480;DECO;U4 - VOY Santiago SpA
229;229;T229 00R;229;NO DECO;U2 - Su Bus
229;229;T229 00I;229;NO DECO;U2 - Su Bus
230;230;T230 00I;230;NO DECO;U2 - Su Bus
233;433;T433 00I;433;DECO;U4 - VOY Santiago SpA
262n;462n;T462 E3 00I;462 E3;DECO;U4 - VOY Santiago SpA
262n;462n;T462 E3 00R;462 E3;DECO;U4 - VOY Santiago SpA
264N;264N;T264 C3 00R;264 C3;DECO;U2 - Su Bus
264N;264N;T264 C3 00I;264 C3;DECO;U2 - Su Bus
271;271;T271 00I;271;NO DECO;U2 - Su Bus
271;271;T271 00R;271;NO DECO;U2 - Su Bus
272;272;T272 00I;272;NO DECO;U2 - Su Bus
286;436;T436 00I;436;DECO;U4 - VOY Santiago SpA
286;436;T436 00R;436;DECO;U4 - VOY Santiago SpA
290;210;T290 00I;290;NO DECO;U2 - Su Bus
294x;294x;T294 00R;294;DECO;U2 - Su Bus
301;301;T301 00R;301;NO DECO;U3 - Vule
301;301;T301 00I;301;NO DECO;U3 - Vule
301c;301c;T301 C0 00I;301 C0;DECO;U3 - Vule
301c;301c;T301 C0 00R;301 C0;DECO;U3 - Vule
302;302;T302 09R;302;NO DECO;U3 - Vule
302;302;T302 00R;302;NO DECO;U3 - Vule
302;302;T302 10R;302;NO DECO;U3 - Vule
302;302;T302 06R;302;NO DECO;U3 - Vule
302;302;T302 00I;302;NO DECO;U3 - Vule
302N;302N;T302 C2 00R;302c2;DECO;U3 - Vule
302N;302N;T302 C2 00I;302c2;DECO;U3 - Vule
303;303;T303 00R;303;NO DECO;U3 - Vule
303;303;T303 00I;303;NO DECO;U3 - Vule
307;307;T307 00I;307;NO DECO;U3 - Vule
307c;307c;T307 C0 00I;307 C0;DECO;U3 - Vule
307c;307c;T307 C0 00R;307 C0;DECO;U3 - Vule
307e;307e;T307 E0 00I;307 E0;DECO;U3 - Vule
307e;307e;T307 E0 00R;307 E0;DECO;U3 - Vule
308;308;T308 00R;308;NO DECO;U3 - Vule
308;308;T308 00I;308;NO DECO;U3 - Vule
308c;308c;T308 C0 00I;308 C0;DECO;U3 - Vule
313e;313e;T313 E0 00R;313e;NO DECO;U3 - Vule
313e;313e;T313 E0 00I;313e;NO DECO;U3 - Vule
314;314;T314 00I;314;NO DECO;U3 - Vule
314c;304c;T304 C1 00I;304 C1;DECO;U3 - Vule
315e;315e;T315 E0 00R;315 E0;DECO;U3 - Vule
315e;315e;T315 E0 00I;315 E0;DECO;U3 - Vule
321;321;T321 00I;321;NO DECO;U3 - Vule
321;321;T321 00R;321;NO DECO;U3 - Vule
322;322;T322 00R;322;NO DECO;U3 - Vule
322;322;T322 00I;322;NO DECO;U3 - Vule
323;323;T323 00R;323;NO DECO;U3 - Vule
323;323;T323 00I;323;NO DECO;U3 - Vule
325;325;T325 00R;325;NO DECO;U3 - Vule
325;325;T325 00I;325;NO DECO;U3 - Vule
329;329;T329 00R;329;NO DECO;U3 - Vule
329;329;T329 00I;329;NO DECO;U3 - Vule
345;345;T345 00R;345;NO DECO;U3 - Vule
345;345;T345 00I;345;NO DECO;U3 - Vule
346N;346N;T346 C2 00R;346c2;DECO;U3 - Vule
346N;346N;T346 C2 00I;346c2;DECO;U3 - Vule
348;348;T348 00R;348;NO DECO;U3 - Vule
348;348;T348 00I;348;NO DECO;U3 - Vule
385;385;T385 00R;385;NO DECO;U3 - Vule
385;385;T385 00I;385;NO DECO;U3 - Vule
392;392;T392 00R;392;NO DECO;U3 - Vule
392;392;T392 00I;392;NO DECO;U3 - Vule
393;393;T393 00R;393;NO DECO;U3 - Vule
393;393;T393 00I;393;NO DECO;U3 - Vule
394;394;T394 00I;394;NO DECO;U3 - Vule
394;394;T394 00R;394;NO DECO;U3 - Vule
401;F51;F51 00I;F51;DECO;U7 - STP
401;F51;F51 00R;F51;DECO;U7 - STP
401c;1301c;T1301 C0 00R;1301 C0;DECO;U13 - RBU US6
401c;1301c;T1301 C0 00I;1301 C0;DECO;U13 - RBU US6
401x;401x;T498 00R;498;DECO;U4 - VOY Santiago SpA
402;1302;T1302 00I;1302;DECO;U13 - RBU US6
403;1303;T1303 00I;1303;DECO;U13 - RBU US6
403;1303;T1303 00R;1303;DECO;U13 - RBU US6
404;1304;T1304 00I;1304;DECO;U13 - RBU US6
404c;1304c;T1304 C0 00I;1304c;DECO;U13 - RBU US6
404c;1304c;T1304 C0 00R;1304c;DECO;U13 - RBU US6
405;F55;F55 00I;F55;DECO;U7 - STP
405;F55;F55 00R;F55;DECO;U7 - STP
405c;1235c;T1235 C0 00R;1235 C0;DECO;U12 - STU US5
406;556;T556 00I;556;DECO;U5 - Metropolitana
406;556;T556 00R;556;DECO;U5 - Metropolitana
406c;1236c;T1236 C0 00I;1236 C0;DECO;U12 - STU US5
407;557;T557 00R;557;DECO;U5 - Metropolitana
407;557;T557 00I;557;DECO;U5 - Metropolitana
408;548;T548 00R;548;DECO;U5 - Metropolitana
408;548;T548 00I;548;DECO;U5 - Metropolitana
408e;548e;T548 E0 00I;548e;DECO;U5 - Metropolitana
408e;548e;T548 E0 00R;548e;DECO;U5 - Metropolitana
409;1229;T1229 00R;1229;DECO;U12 - STU US5
409;1229;T1229 00I;1229;DECO;U12 - STU US5
410;841;T841 00I;841;DECO;U8 - Alfa US1
410;841;T841 00R;841;DECO;U8 - Alfa US1
410;410;T390 00R;390;DECO;U3 - Vule
410;993;T993 00R;993;DECO;U9 - Omega US2
410;410;T390 00I;390;DECO;U3 - Vule
410;993;T993 00I;993;DECO;U9 - Omega US2
410e;841e;T841 E0 00I;841e;DECO;U8 - Alfa US1
410e;410e;T391 00R;391;DECO;U3 - Vule
410e;410e;T391 00I;391;DECO;U3 - Vule
411;1231;T1231 00I;1231;DECO;U12 - STU US5
411;1231;T1231 00R;1231;DECO;U12 - STU US5
412;1312;T1312 00R;1312;DECO;U13 - RBU US6
412;1312;T1312 00I;1312;DECO;U13 - RBU US6
413c;F63c;F63 C0 00I;F63c;DECO;U7 - STP
413c;F63c;F63 C0 00R;F63C;DECO;U7 - STP
414e;1314e;T1314 E0 00I;1314e;DECO;U13 - RBU US6
414e;1314e;T1314 E0 00R;1314e;DECO;U13 - RBU US6
415e;1315e;T1315 E0 00I;1315e;DECO;U13 - RBU US6
415e;1315e;T1315 E0 00R;1315e;DECO;U13 - RBU US6
417e;F67e;F67 E0 00I;F67e;DECO;U7 - STP
417e;F67e;F67 E0 00R;F67e;DECO;U7 - STP
418;1318;T1318 00I;1318;DECO;U13 - RBU US6
418;1318;T1318 00R;1318;DECO;U13 - RBU US6
419;F69;F69 00R;F69;DECO;U7 - STP
419;419;T597 00I;597;DECO;U5 - Metropolitana
419;419;T597 00R;597;DECO;U5 - Metropolitana
419;F69;F69 00I;F69;DECO;U7 - STP
420;1232;T1232 00I;1232;DECO;U12 - STU US5
421;F71;F71 00I;F71;DECO;U7 - STP
421;1321y;T1321 C2 00I;1321 C2;DECO;U13 - RBU US6
421;F71;F71 00R;F71;DECO;U7 - STP
422;572;T572 00R;572;DECO;U5 - Metropolitana
422;572;T572 00I;572;DECO;U5 - Metropolitana
422c;1322c;T1322 C0 00I;1322c;DECO;U13 - RBU US6
422c;1322c;T1322 C0 00R;1322c;DECO;U13 - RBU US6
423;423;T598 00I;598;DECO;U5 - Metropolitana
423;F73;F73 00R;F73;DECO;U7 - STP
423;F73;F73 00I;F73;DECO;U7 - STP
423;423;T598 00R;598;DECO;U5 - Metropolitana
424;543;T543 00I;543;DECO;U5 - Metropolitana
424;543;T543 00R;543;DECO;U5 - Metropolitana
425;1325;T1325 00I;1325;DECO;U13 - RBU US6
425;1325;T1325 00R;1325;DECO;U13 - RBU US6
426;576;T576 00I;576;DECO;U5 - Metropolitana
426;576;T576 00R;576;DECO;U5 - Metropolitana
428;1328;T1328 00R;1328;DECO;U13 - RBU US6
428;1328;T1328 00I;1328;DECO;U13 - RBU US6
428e;1328e;T1328 E0 00R;1328e;DECO;U13 - RBU US6
428e;1328e;T1328 E0 00I;1328e;DECO;U13 - RBU US6
429;1329;T1329 00R;1329;DECO;U13 - RBU US6
429;1329;T1329 00I;1329;DECO;U13 - RBU US6
429c;1329c;T1329 C0 00I;1329c;DECO;U13 - RBU US6
429c;1329c;T1329 C0 00R;1329c;DECO;U13 - RBU US6
430;1330;T1330 00R;1330;DECO;U13 - RBU US6
430;1330;T1330 00I;1330;DECO;U13 - RBU US6
430;1330y;T1330 C2 00I;1330 C2;DECO;U13 - RBU US6
431c;F83c;F83 C0 00I;F83c;DECO;U7 - STP
431c;F83c;F83 C0 00R;F83c;DECO;U7 - STP
432N;F82N;F82 C2 00I;F82c2;DECO;U7 - STP
432N;F82N;F82 C2 00R;F82c2;DECO;U7 - STP
435;1335;T1335 00I;1335;DECO;U13 - RBU US6
435;1335;T1335 00R;1335;DECO;U13 - RBU US6
444;1344;T1344 00I;1344;DECO;U13 - RBU US6
444;1344;T1344 00R;1344;DECO;U13 - RBU US6
445c;1245c;T1245 C0 00I;1245 C0;DECO;U12 - STU US5
445c;1245c;T1245 C0 00R;1245 C0;DECO;U12 - STU US5
481;F81;F81 00R;F81;DECO;U7 - STP
481;481;T599 00I;599;DECO;U5 - Metropolitana
481;F81;F81 00I;F81;DECO;U7 - STP
481;481;T599 00R;599;DECO;U5 - Metropolitana
486;1336;T1336 00I;1336;DECO;U13 - RBU US6
501;501;T501 00I;501;NO DECO;U5 - Metropolitana
501;501;T501 00R;501;NO DECO;U5 - Metropolitana
502;502;T502 00I;502;NO DECO;U5 - Metropolitana
502;502;T502 00R;502;NO DECO;U5 - Metropolitana
502c;502c;T502 C0 00R;502 C0;DECO;U5 - Metropolitana
502c;502c;T502 C0 00I;502 C0;DECO;U5 - Metropolitana
503;503;T503 00R;503;NO DECO;U5 - Metropolitana
503;503;T503 00I;503;NO DECO;U5 - Metropolitana
504;504;T504 00I;504;NO DECO;U5 - Metropolitana
504;504;T504 00R;504;NO DECO;U5 - Metropolitana
505;505;T505 00I;505;NO DECO;U5 - Metropolitana
505;505;T505 00R;505;NO DECO;U5 - Metropolitana
506;506;T506 00R;506;NO DECO;U5 - Metropolitana
506;506;T506 00I;506;NO DECO;U5 - Metropolitana
506e;506e;T506 E0 00R;506 E0;DECO;U5 - Metropolitana
506e;506e;T506 E0 00I;506 E0;DECO;U5 - Metropolitana
506v;506v;T506 E1 00I;506e1;DECO;U5 - Metropolitana
506v;506v;T506 E1 00R;506e1;DECO;U5 - Metropolitana
506y;506y;T592 00I;592;DECO;U5 - Metropolitana
506y2;506y2;T591 00R;591;DECO;U5 - Metropolitana
507;507;T507 00I;507;NO DECO;U5 - Metropolitana
507;507;T507 00R;507;NO DECO;U5 - Metropolitana
507c;507c;T507 C0 00I;507 C0;DECO;U5 - Metropolitana
507c;507c;T507 C0 00R;507 C0;DECO;U5 - Metropolitana
507x;507x;T596 00I;596;DECO;U5 - Metropolitana
507x;507x;T596 00R;596;DECO;U5 - Metropolitana
508;508;T508 00I;508;NO DECO;U5 - Metropolitana
508;508;T508 00R;508;NO DECO;U5 - Metropolitana
509;509;T509 00I;509;NO DECO;U5 - Metropolitana
509;509;T509 00R;509;NO DECO;U5 - Metropolitana
509x;509x;T595 00R;595;DECO;U5 - Metropolitana
509x;509x;T595 00I;595;DECO;U5 - Metropolitana
510;510;T510 00I;510;NO DECO;U5 - Metropolitana
510;510;T510 00R;510;NO DECO;U5 - Metropolitana
510x;510x;T594 00I;594;DECO;U5 - Metropolitana
510x;510x;T594 00R;594;DECO;U5 - Metropolitana
510x2;510x2;T593 00R;593;DECO;U5 - Metropolitana
510x2;510x2;T593 00I;593;DECO;U5 - Metropolitana
511;511;T511 00I;511;NO DECO;U5 - Metropolitana
511;511;T511 00R;511;NO DECO;U5 - Metropolitana
513;513;T513 00R;513;NO DECO;U5 - Metropolitana
513;513;T513 00I;513;NO DECO;U5 - Metropolitana
514;514;T514 00R;514;NO DECO;U5 - Metropolitana
514;514;T514 00I;514;NO DECO;U5 - Metropolitana
514c;514c;T514 C0 00I;514c;NO DECO;U5 - Metropolitana
514c;514c;T514 C0 00R;514c;NO DECO;U5 - Metropolitana
516;516;T516 00R;516;NO DECO;U5 - Metropolitana
516;516;T516 00I;516;NO DECO;U5 - Metropolitana
516y;516y;T590 00R;590;DECO;U5 - Metropolitana
517;517;T517 00I;517;NO DECO;U5 - Metropolitana
517;517;T517 00R;517;NO DECO;U5 - Metropolitana
518;518;T518 00R;518;NO DECO;U5 - Metropolitana
518;518;T518 00I;518;NO DECO;U5 - Metropolitana
519;519;T519 00R;519;NO DECO;U5 - Metropolitana
519;519;T519 00I;519;NO DECO;U5 - Metropolitana
541N;541N;T541 C3 00I;541c3;DECO;U5 - Metropolitana
541N;541N;T541 C3 00R;541c3;DECO;U5 - Metropolitana
542;542;T542 00R;542;NO DECO;U5 - Metropolitana
542;542;T542 00I;542;NO DECO;U5 - Metropolitana
546e;546e;T546 E0 00I;546e;NO DECO;U5 - Metropolitana
546e;546e;T546 E0 00R;546e;NO DECO;U5 - Metropolitana
555;555;T555 00I;555;NO DECO;U5 - Metropolitana
555;555;T555 00R;555;NO DECO;U5 - Metropolitana
590;590;T590 00I;590;NO DECO;U5 - Metropolitana
591;591;T591 00I;591;NO DECO;U5 - Metropolitana
592;592;T592 00R;592;NO DECO;U5 - Metropolitana
712;967;T967 01R;967;DECO;U9 - Omega US2
712;967;T967 00I;967;DECO;U9 - Omega US2
712;967;T967 00R;967;DECO;U9 - Omega US2
722;822;T822 00I;822;DECO;U8 - Alfa US1
722;822;T822 00R;822;DECO;U8 - Alfa US1